Website,Report Type,Average
 2021portugal.eu,Old Report,2.64
 25hourshotels.com,Old Report,2.5
 432player.com,Old Report,2.43
 5pillarsuk.com,Old Report,2.26
 9voltinteractive.com,Old Report,2
 aaai.org,Old Report,1.75
 aacai.com.au,Old Report,2.71
 abdounassur.org,Old Report,2.33
 abhisoft.net,Old Report,2.41
 abotx.org,Old Report,2.5
 acid3.acidtests.org,Old Report,2.33
 acon.org.au,Old Report,2.42
 actualite.cd,Old Report,2.91
 admission.gatech.edu,Old Report,2.75
 adv.aero,Old Report,2.37
 afsinc.org,Old Report,2.23
 agilesparks.com,Old Report,2.22
 ahotcupofjoe.net,Old Report,2.59
 ainmeanaite.scot,Old Report,2.75
 airdrieirish.com,Old Report,3
 allaladdin.ga,Old Report,2.17
 allmedia.news,Old Report,2.22
 allsummitcounty.com,Old Report,2.61
 alphabank.bg,Old Report,2.17
 amywhitney.co.uk,Old Report,2.8
 podcasters.spotify.com,Old Report,2.33
 andipopp.wordpress.com,Old Report,2.64
 andrewforoklahoma.com,Old Report,2.95
 funqai.com,Old Report,2.33
 anubis3d.com,Old Report,2.62
 app.agentsuccessapp.com,Old Report,2.46
 app.data4life.care,Old Report,2.33
 argentdata.com,Old Report,2.33
 artcodes.co.uk,Old Report,2.75
 artsdistrictla.org,Old Report,2.58
 ascobans.org,Old Report,2.49
 ascox.xyz,Old Report,2
 discussion.fedoraproject.org,Old Report,2.17
 askonasholt.com,Old Report,2.65
 asms.advitsahdev.com,Old Report,2.87
 aspen82.com,Old Report,3.18
 aspirebridge.com,Old Report,1.94
 astarmathsandphysics.com,Old Report,2.33
 astellas.com,Old Report,2.13
 atlantic.ctvnews.ca,Old Report,2.28
 avpgalaxy.net,Old Report,2.33
 awstats.sourceforge.io,Old Report,2.77
 bakupages.com,Old Report,2.6
 bankpapua.co.id,Old Report,2.56
 barristerblogger.com,Old Report,2.33
 bcexcelsior.com,Old Report,2.72
 bci.co.ck,Old Report,2.76
 begalileo.com,Old Report,1.97
 bekasikota.go.id,Old Report,3.17
 benbridge.com,Old Report,2.63
 adfree.info,Old Report,2.4
 berlinexperiences.com,Old Report,2
 bestmodernchairs.com,Old Report,2.93
 biblearchaeology.org,Old Report,2.67
 bigappleshak.com,Old Report,2.72
 bingu.net,Old Report,2.83
 bizhankook.com,Old Report,2.43
 bjri.gov.bd,Old Report,2.43
 blcklst.com,Old Report,2.18
 blog.baeke.info,Old Report,2.98
 filmsupply.com,Old Report,2.87
 blog.smile.io,Old Report,2.23
 blog.spreendigital.de,Old Report,2.71
 blowball.io,Old Report,2.09
 pbm.ucla.edu,Old Report,2.16
 bobspixels.com,Old Report,2.6
 bookup.com,Old Report,2.31
 botify.com,Old Report,2.18
 bphn.go.id,Old Report,3.28
 bonsplans,Old Report,2.12
 bramptonmasons.com,Old Report,2.75
 broadstreetmarket.org,Old Report,2.8
 bryanplummer.com,Old Report,2.76
 consent.yahoo.com,Old Report,3
 bulgaria.postsen.com,Old Report,2.55
 buy.ticketstothecity.com,Old Report,2.54
 camaradellibro.com.uy,Old Report,2.62
 canelatools.com,Old Report,3.22
 capecoral.gov,Old Report,1
 caracolu.com,Old Report,2.33
 carbonrationing.org.uk,Old Report,2.55
 catholiczhodzina.by,Old Report,2.18
 cayman.loopnews.com,Old Report,2.73
 ceafinney.com,Old Report,2.29
 chargeplacescotland.org,Old Report,2.4
 chateaudeblois.fr,Old Report,2
 chennai.consulate.gov.au,Old Report,2.29
 civity.nl,Old Report,2.27
 cleanup.org.au,Old Report,2.69
 coastalhazards.uprm.edu,Old Report,2.17
 cobo.com,Old Report,2.8
 coinsandcanada.com,Old Report,2.63
 comm.osu.edu,Old Report,3.17
 concertsinbudapest.com,Old Report,2.84
 conductortech.com,Old Report,2.54
 coconeconnect.co.jp,Old Report,2.2
 conservativenews.org,Old Report,2.65
 accounts.google.com,Old Report,2
 copypastatext.com,Old Report,2.5
 coq.inria.fr,Old Report,2.4
 corsetiere.net,Old Report,2.6
 coveringcfl.net,Old Report,2.07
 journals.sagepub.com,Old Report,3.17
 craigkeener.com,Old Report,2.89
 crocodilian.com,Old Report,2.57
 crssd.com,Old Report,2.14
 curvyyoga.com,Old Report,2.86
 d4donline.com,Old Report,3
 dashbot.io,Old Report,2.69
 davidgolding.com,Old Report,2.86
 dcchs.org,Old Report,2.44
 dcresource.com,Old Report,2.17
 dealer.olxautos.com.co,Old Report,2.46
 deepgenes.com,Old Report,2.78
 demetrimusic.com,Old Report,2.45
 designerspics.com,Old Report,2.5
 developer.payjunction.com,Old Report,2.8
 dieteticadigital.net,Old Report,2.88
 disfrutatokio.com,Old Report,2.84
 diskpart.com,Old Report,2.62
 libraries.indiana.edu,Old Report,3.8
 dmiinternational.org,Old Report,3.39
 dobanevinosti.blogspot.com,Old Report,2.49
 docs.behat.org,Old Report,2.71
 dogcastradio.com,Old Report,2.81
 dogodilose.com,Old Report,2.25
 donpedrobrooklyn.com,Old Report,2.5
 dontextraditeassange.com,Old Report,2.76
 dorianneto.com,Old Report,1
 dotolim.com,Old Report,3.25
 dou.ua,Old Report,3.08
 dozsurvival.com,Old Report,3
 drakoneditor.sourceforge.net,Old Report,3.11
 drgo.us,Old Report,2.92
 dtf.ru,Old Report,2.27
 ducugames.com,Old Report,2.78
 duplocloud.com,Old Report,2.85
 e.huawei.com,Old Report,2.26
 earthwatch.org,Old Report,2.75
 eco.int,Old Report,2.72
 econt.com,Old Report,2.6
 edfilmfest.org.uk,Old Report,2.76
 edulibrarian.com,Old Report,2.83
 ejcotopeni2022.microplustimingservices.com,Old Report,3.25
 eldalamberon.com,Old Report,2.25
 eltaxi.app,Old Report,2.72
 elteatrocampesino.com,Old Report,2.18
 embedded.lt,Old Report,2.83
 en.eghtesadonline.com,Old Report,2.66
 engineering.klarna.com,Old Report,2.79
 engineersireland.ie,Old Report,2.26
 ericksonseniorliving.com,Old Report,2.56
 ertopen.com,Old Report,2.84
 esnog.net,Old Report,2.45
 estatediamondjewelry.com,Old Report,2.12
 ettagroup.ru,Old Report,3.11
 journals.openedition.org,Old Report,2.39
 georgetown.edu,Old Report,3
 everydaybeat.org,Old Report,2.33
 eyehealthweb.com,Old Report,3.58
 familytravel.com,Old Report,2.41
 farm1.staticflickr.com,Old Report,2.29
 fddb.org,Old Report,2.94
 fhrc.huji.ac.il,Old Report,2.91
 finanswebde.com,Old Report,2.97
 flashmob.dileque.si,Old Report,2.7
 flseagrant.org,Old Report,2.41
 focusmate.com,Old Report,3.85
 folketidende.dk,Old Report,3.05
 followingtheninth.com,Old Report,2.43
 formahouse.co.uk,Old Report,2.74
 fortadpays.com,Old Report,3
 fortbendchristian.org,Old Report,2
 forwardjanesville.com,Old Report,2.36
 foxsportswest.com,Old Report,2.5
 freemodelfoundry.com,Old Report,2.78
 freshworks.com,Old Report,2.88
 frostburg.edu,Old Report,2.34
 fruitglory.com,Old Report,3
 fuldamobil.de,Old Report,2.45
 funnycide.com,Old Report,3.26
 gadaibpkbmobil.finance,Old Report,2.6
 games.ironequal.com,Old Report,2.33
 garbageplate.com,Old Report,2.4
 gen.xyz,Old Report,2.15
 genomeribbon.com,Old Report,2.38
 chef.io,Old Report,2.53
 getdetox.me,Old Report,2.71
 giftcard.cl,Old Report,2.97
 ginolabo.com,Old Report,3
 globerunner.org,Old Report,3.21
 gloubik.info,Old Report,2.64
 golistelecom.com,Old Report,2.2
 golm.org.uk,Old Report,2.72
 graceelizabeths.com,Old Report,2.37
 grainger.tngenealogy.net,Old Report,2.26
 greatriverconference.org,Old Report,2.92
 greekshadows.com,Old Report,2
 greengathering.org.uk,Old Report,2.47
 abbeyspavingsealcoating.com,Old Report,2.77
 grimsoulgame.com,Old Report,2.36
 group.canarywharf.com,Old Report,1.68
 growit,Old Report,2.61
 growveg.com,Old Report,2.81
 gudangtekno.web.id,Old Report,2.57
 guia.melhoresdestinos.com.br,Old Report,2.78
 hammacher.com,Old Report,1.81
 hanshofmann.org,Old Report,2.83
 happyfoto.de,Old Report,2.63
 harbour.github.io,Old Report,2.93
 haryanaassembly.gov.in,Old Report,2.29
 haycc.playcricket.com,Old Report,2.63
 hc.unicamp.br,Old Report,3.1
 healthrangerstore.com,Old Report,2.74
 itsupport.cs.uvic.ca,Old Report,2.17
 henan.china.com.cn,Old Report,3.08
 hgic.clemson.edu,Old Report,2.58
 hibernoenglish.com,Old Report,3
 hps.ilpartnership.org,Old Report,2.65
 hiringourheroes.org,Old Report,2.96
 historicdetroit.org,Old Report,3.5
 historicgames.com,Old Report,2.55
 historykon.pl,Old Report,2.61
 hktstarhomecall.com,Old Report,2.81
 homemaderecipes.blogspot.com,Old Report,2.73
 sps.honeywell.com,Old Report,2
 honesttopaws.com,Old Report,2.65
 hooters.com,Old Report,2.73
 hudsonvalleyjazzfest.org,Old Report,2.94
 hungerford.uk.net,Old Report,2.25
 huobi.com.ru,Old Report,2
 idonline.com,Old Report,2.63
 ia802905.us.archive.org,Old Report,1.5
 iais.org.my,Old Report,2.71
 iask.ca,Old Report,2.05
 ibme.uzh.ch,Old Report,2.67
 icaa.cc,Old Report,3.05
 ichriss.ccarh.org,Old Report,2.33
 icpc.global,Old Report,3
 id.rsqtechnologies.com,Old Report,1.5
 ilovelakemac.com,Old Report,2.4
 im.qq.com,Old Report,2.63
 impact.ref.ac.uk,Old Report,2.53
 inasfid.org,Old Report,2.93
 informath.org,Old Report,2.33
 inmos.com,Old Report,3
 insectbraindb.org,Old Report,2.98
 insideathletic.com,Old Report,2.71
 inspiredhealthmed.com,Old Report,2.54
 interboro.com,Old Report,2.87
 intouchuk.org,Old Report,1.5
 inuidea.com,Old Report,2.54
 ipsoft.ba,Old Report,2.95
 iran.outrightinternational.org,Old Report,2.68
 irishtatler.com,Old Report,2.37
 isae3402.co.uk,Old Report,3.11
 islands.scot,Old Report,2.33
 israpost.com,Old Report,2.87
 istanbulyelken.org.tr,Old Report,2.66
 isw3.naist.jp,Old Report,2.92
 itarashop.ng,Old Report,2.84
 itnewsafrica.com,Old Report,2.44
 itsconstruction.co.uk,Old Report,2.3
 ivoilic.com,Old Report,2.71
 ixpe.msfc.nasa.gov,Old Report,2.52
 janestyle.net,Old Report,2
 jeccomposites.com,Old Report,2.79
 jenniferperryman.com,Old Report,2.44
 jobs.gsk.com,Old Report,2.6
 jpit.uk,Old Report,2.07
 jp2.org,Old Report,2.31
 jssj.org,Old Report,2.65
 jufjannieapps.nl,Old Report,1.95
 juliebestry.com,Old Report,2.01
 kanjikana.com,Old Report,2
 kb.cf7skins.com,Old Report,2.6
 kellsirish.com,Old Report,2
 kellywillis.com,Old Report,2.93
 kenkouwakayama.jp,Old Report,2.56
 kevinschwantz.com,Old Report,2.25
 khanbank.com,Old Report,2.32
 kicad.org,Old Report,2
 king.myapp.com,Old Report,2.5
 kingstonbeta.com,Old Report,2.45
 kojipkgs.fedoraproject.org,Old Report,1.83
 kpopherald.koreaherald.com,Old Report,2.96
 kreditech.com,Old Report,2.55
 lahistoryarchive.org,Old Report,2.29
 lametric.com,Old Report,2.84
 lampa.cl,Old Report,2.54
 laplacem.vtcgame.vn,Old Report,2.49
 lawterlaw.com,Old Report,2.03
 lgfcu.org,Old Report,2.94
 libano.org.br,Old Report,2.25
 lifepoint.com,Old Report,2.51
 lightstation.com,Old Report,2.76
 live4.io,Old Report,3.24
 loanscalc.org,Old Report,2.6
 login.xecurify.com,Old Report,2.22
 londonwaldorf.ca,Old Report,2.29
 lorealcontentpro.com,Old Report,2.16
 lsextrusion.eu,Old Report,2.76
 lukeo.cs.illinois.edu,Old Report,2.87
 lutris.com,Old Report,4
 lynxartcollection.com,Old Report,2.1
 m.valleyevents.ca,Old Report,2.38
 macrossworld.com,Old Report,2.17
 madan.bg,Old Report,2.9
 maddiesfund.org,Old Report,2.76
 mailboxnearme.net,Old Report,2.93
 malaria.jhsph.edu,Old Report,1.79
 mannersmith.com,Old Report,3
 mappiamo.org,Old Report,2.61
 marincounty.org,Old Report,2
 marom.hu,Old Report,2.85
 martinmch.com,Old Report,2.17
 masoftware.org,Old Report,2.7
 massmedic.com,Old Report,3.19
 mateuszcholewka.com,Old Report,2.94
 math.nist.gov,Old Report,2
 maxgazze.it,Old Report,2.64
 mbqtmt.org,Old Report,1.86
 mediendenk.de,Old Report,2.33
 terryaspinall.com,Old Report,3.33
 mhikes.com,Old Report,2.44
 michiganmaple.org,Old Report,2.64
 migracion.gob.bo,Old Report,2.35
 mimsoft.com,Old Report,2.86
 minnur.com,Old Report,2
 misms.net,Old Report,2.57
 mix1043fm.com,Old Report,2.87
 mod.studio,Old Report,2.73
 modeleau.fsg.ulaval.ca,Old Report,2.41
 shopmoment.com,Old Report,3.49
 monachuslex.com,Old Report,3.01
 monacostatistics.mc,Old Report,2.8
 moonplay.online,Old Report,2.34
 moore,Old Report,3
 motorola.co.uk,Old Report,2.81
 mpeoplemusic.com,Old Report,2.93
 mrk.mk,Old Report,2.57
 mt.ro,Old Report,2.14
 munsterland.net,Old Report,3.29
 amaga.org.au,Old Report,2.8
 musicfacts.ru,Old Report,2.27
 musiconthedot.com,Old Report,2.69
 siop.org,Old Report,2.6
 napak.com,Old Report,3
 naprice.com,Old Report,2.59
 nationalsheep.org.uk,Old Report,3.25
 nattou.org,Old Report,2.6
 nesdev.org,Old Report,2.11
 newsounds.org,Old Report,2.67
 patec.org,Old Report,2.46
 newuniversity.org,Old Report,2.32
 nghenhac123.com,Old Report,2.55
 nic.xyz,Old Report,2.29
 ,,
 niguelshores.org,Old Report,2.57
 nistara.net,Old Report,3.21
 noliesradio.org,Old Report,2.32
 nooriworld.net,Old Report,2.55
 notdeadyet.org,Old Report,1.6
 ntdtv.com,Old Report,1.39
 numero.com.cn,Old Report,3.4
 nwabr.org,Old Report,2.25
 oheuropa.com,Old Report,2.51
 oostende.be,Old Report,2
 openhome.alipay.com,Old Report,2.69
 openswr.org,Old Report,3.04
 ,,
 opinion22.com.ar,Old Report,2.85
 orleansforever.com,Old Report,2.86
 ossininglibrary.org,Old Report,2.86
 christensen.asu.edu,Old Report,3.03
 ouroboros.audio,Old Report,2.78
 outhousetickets.com,Old Report,2.91
 outofthefog.net,Old Report,2.55
 ozwhitelufc.net.au,Old Report,2.6
 pramlee.com,Old Report,2.75
 pacsoa.org.au,Old Report,2
 pao.qq.com,Old Report,2.35
 paoloconte.it,Old Report,2
 pastebin.mozilla.org,Old Report,3.25
 pcpmusic.com,Old Report,2.11
 pctonline.com,Old Report,3.27
 perheyritys.fi,Old Report,2.95
 digitalesammlungen.de,Old Report,3
 phxart.org,Old Report,2.08
 piar.hu,Old Report,2.5
 pigfarmer.gr,Old Report,2.73
 ,,
 placergroup.com,Old Report,3
 planetark.org,Old Report,2.56
 gigoapp.gendagigo.jp,Old Report,2
 playfordspast.recollect.net.au,Old Report,2.81
 engagemedia.org,Old Report,2.48
 pnwphotoblog.com,Old Report,2.68
 pokergrinderapp.com,Old Report,2.33
 polyatalexei.narod.ru,Old Report,2.83
 polytopia.io,Old Report,2.47
 postakodu.ptt.gov.tr,Old Report,2.56
 postcodebyaddress.co.uk,Old Report,2.31
 pregledrs.com,Old Report,2
 premierpoms.com,Old Report,2.6
 printicular.com,Old Report,2.4
 projectzante.com,Old Report,1.91
 ptxtherapy.com,Old Report,2.37
 publikationen.badw.de,Old Report,2.33
 purpleirisfoundation.com,Old Report,2.67
 pymairport.com,Old Report,3.12
 qemu.readthedocs.io,Old Report,2.98
 quizzingaustralia.org,Old Report,1.72
 quranwahadith.com,Old Report,2.87
 rodakorset.se,Old Report,3
 rettsyndrome.org,Old Report,2.29
 rgsilva.com,Old Report,2.87
 rickymartinmusic.com,Old Report,3.17
 riggertalk.com,Old Report,2.66
 rikumo.com,Old Report,2.68
 rio.upo.es,Old Report,2.72
 ripeatlas,Old Report,2.97
 robosoft.com.tr,Old Report,3.05
 rohanvarma.me,Old Report,3.03
 rolfdisch.de,Old Report,2.32
 roug.org,Old Report,2
 royensoc.co.uk,Old Report,3
 ruhabenjamin.com,Old Report,2.33
 runasradio.com,Old Report,2.92
 lrwt.org.uk,Old Report,2.81
 rvrcc.com,Old Report,2.86
 sacramentoartglass.com,Old Report,2.54
 salzburgburgen.at,Old Report,2.8
 santamonicabay.org,Old Report,2.14
 sauria.com,Old Report,2.73
 scarrowbeckbenefice.org.uk,Old Report,2.76
 scfestivalofflowers.org,Old Report,3.08
 play.google.com,Old Report,2.8
 selectedfirms.co,Old Report,2.23
 selleradise.com,Old Report,3
 senseikuapp.wordpress.com,Old Report,2.53
 shoa.com.ua,Old Report,2.79
 shoppurecam.com,Old Report,2.92
 silicon.co.uk,Old Report,2.33
 silvergames.com,Old Report,2.89
 sinproject.net,Old Report,2.5
 sistrix.com,Old Report,2.48
 skyscraper.org,Old Report,2.45
 sleeper.scot,Old Report,2.81
 smartgrid.epri.com,Old Report,3.81
 snob.ru,Old Report,2.45
 solita.fi,Old Report,2.75
 solvay.edu,Old Report,2.7
 soslc.lk,Old Report,2.21
 sso2.educamos.com,Old Report,2.63
 staxwp.com,Old Report,2.08
 stevebeck.tv,Old Report,2.75
 streetspirits.com,Old Report,3
 studio.apollographql.com,Old Report,2.47
 sumichem.co.in,Old Report,2.92
 fandom.com,Old Report,2.37
 swandolphin.com,Old Report,3
 swinburnearchive.indiana.edu,Old Report,2.57
 swls.org,Old Report,2
 szekelyhon.ro,Old Report,2.53
 tampabayhistorycenter.org,Old Report,1.51
 taylorbranch.com,Old Report,2.16
 teamwork.com,Old Report,2.4
 techzone360.com,Old Report,3
 thebanner.goodbarber.app,Old Report,2.75
 thebrickfan.com,Old Report,2.84
 thefifearms.com,Old Report,2.72
 theirishroadtrip.com,Old Report,2.13
 thelavinagency.com,Old Report,2.27
 themumblesbook.co.uk,Old Report,2
 theotherartfair.com,Old Report,2.62
 theplanets.org,Old Report,2.97
 thesaffrongael.com,Old Report,2.4
 thewinesociety.com,Old Report,1.67
 theyellowsparrow.com,Old Report,2.84
 timesteps.net,Old Report,2.96
 tinythreadpp.bitsnbites.eu,Old Report,2
 torrpenn.bzh,Old Report,2.95
 townofashland.org,Old Report,2.42
 transparency.it,Old Report,3
 trevorrabin.net,Old Report,3
 trfinc.org,Old Report,2.42
 tribpub.com,Old Report,2.94
 turinghub.org,Old Report,2.54
 turnerphotographics.com,Old Report,3.18
 typingadventure.com,Old Report,2.26
 uaenews247.com,Old Report,2.22
 ucla.academicworks.com,Old Report,2.99
 ultracold.jqi.umd.edu,Old Report,2.89
 universityarchives.com,Old Report,2.77
 urbanplanet.org,Old Report,2.96
 usaindoor.runnerspace.com,Old Report,2.53
 usmcoc.org,Old Report,2.76
 ustour.thephantomoftheopera.com,Old Report,2
 uwf.edu,Old Report,2
 vadstenadirect.se,Old Report,2.8
 ps.vatrin.com,Old Report,2.65
 ve.wordpress.org,Old Report,2.86
 velocitynation.com,Old Report,2.62
 verifone.com,Old Report,2.58
 vernalcity.org,Old Report,2.56
 ververica.com,Old Report,2.33
 verzitex.com,Old Report,2
 viaggiareibalcani.it,Old Report,2.7
 voipsipsdk.com,Old Report,3.2
 volleyspike.com,Old Report,2.33
 walkmymind.com,Old Report,2.28
 wallery.app,Old Report,1.55
 wanfangdata.com.cn,Old Report,2.94
 archive.org,Old Report,3.14
 weareconvoy.com,Old Report,2.67
 webpak.net,Old Report,2.22
 astreinvinotheke.de,Old Report,2.69
 welcometosierraleone.org,Old Report,2.86
 westconf.net,Old Report,2.69
 wiki.laptop.org,Old Report,2.88
 winnipegfreepress.com,Old Report,2.66
 wmar2news.com,Old Report,1.6
 wonderlandmagazine.com,Old Report,2.45
 wordpress.dwbooster.com,Old Report,3.3
 worldscientific.com,Old Report,3.13
 worldyannews.com,Old Report,2.6
 wpbusinessreviews.com,Old Report,2.96
 wpmultistorelocator.com,Old Report,2.67
 wpswings.com,Old Report,2.06
 x3m.games,Old Report,2.88
 xyzspolkacywilna.pl,Old Report,2.62
 yabandmedia.com,Old Report,2.5
 ynlc.ca,Old Report,2.69
 yourei.jp,Old Report,2.94
 zachscott.com,Old Report,3
 zbozi.cz,Old Report,2.33
 zebrabook.bg,Old Report,2.13
 zuluwaterways.com,Old Report,2.21
 2021portugal.eu,New Report,2.5
 25hourshotels.com,New Report,2.61
 432player.com,New Report,2.67
 5pillarsuk.com,New Report,2.26
 9voltinteractive.com,New Report,2.5
 aaai.org,New Report,2.67
 aacai.com.au,New Report,2.57
 abdounassur.org,New Report,2.89
 abhisoft.net,New Report,2.13
 abotx.org,New Report,2.29
 acid3.acidtests.org,New Report,2
 actualite.cd,New Report,3.01
 admission.gatech.edu,New Report,2.77
 afsinc.org,New Report,2.43
 ainmeanaite.scot,New Report,2.68
 airdrieirish.com,New Report,3
 allaladdin.ga,New Report,2
 allmedia.news,New Report,2.05
 allsummitcounty.com,New Report,2.41
 alphabank.bg,New Report,2.35
 amywhitney.co.uk,New Report,2
 anchor.fm,New Report,2
 andrewforoklahoma.com,New Report,2.75
 android.funqai.com,New Report,2.37
 app.agentsuccessapp.com,New Report,2.33
 app.data4life.care,New Report,2.5
 argentdata.com,New Report,2.23
 artcodes.co.uk,New Report,2.71
 artsdistrictla.org,New Report,2.68
 ascobans.org,New Report,2.57
 ask.fedoraproject.org,New Report,2.38
 askonasholt.com,New Report,2.56
 asms.advitsahdev.com,New Report,2.33
 aspen82.com,New Report,2.67
 aspirebridge.com,New Report,3
 astarmathsandphysics.com,New Report,2.86
 astellas.us,New Report,2.86
 astreinvinotheke.de,New Report,2.55
 avpgalaxy.net,New Report,2.5
 awstats.sourceforge.net,New Report,2.63
 bakupages.com,New Report,2.94
 bankpapua.co.id,New Report,2.4
 barristerblogger.com,New Report,3
 bci.co.ck,New Report,3.39
 begalileo.com,New Report,2.27
 bekasikota.go.id,New Report,2
 benjaminloulier.com,New Report,2.04
 bestmodernchairs.com,New Report,2.71
 biblearchaeology.org,New Report,2.18
 bigappleshak.com,New Report,2.85
 bingu.net,New Report,2.53
 bizhankook.com,New Report,2.13
 blcklst.com,New Report,2.11
 blog.baeke.info,New Report,2.95
 blog.filmsupply.com,New Report,2.43
 blog.smile.io,New Report,2.4
 blog.spreendigital.de,New Report,2.22
 blowball.io,New Report,2.79
 bmp.ucla.edu,New Report,2.44
 bobspixels.com,New Report,2.17
 bphn.go.id,New Report,2.38
 bpvny.com,New Report,2.11
 bramptonmasons.com,New Report,2.4
 broadstreetmarket.org,New Report,2
 bryanplummer.com,New Report,2.37
 build.aol.com,New Report,3
 buy.ticketstothecity.com,New Report,2.29
 camaradellibro.com.uy,New Report,2.46
 canelatools.com,New Report,2.5
 capecoral.net,New Report,3.25
 caracolu.com,New Report,2.5
 carbonrationing.org.uk,New Report,2.7
 catholiczhodzina.by,New Report,2.34
 ceafinney.com,New Report,2
 chargeplacescotland.org,New Report,2.57
 chateaudeblois.fr,New Report,2
 chennai.consulate.gov.au,New Report,2.23
 civity.nl,New Report,2.2
 cleanup.org.au,New Report,2.67
 coastalhazards.uprm.edu,New Report,2
 cobo.com,New Report,2.53
 concertsinbudapest.com,New Report,2.3
 conductortech.com,New Report,2.82
 conservativenews.org,New Report,2.82
 console.developers.google.com,New Report,2
 copypastatext.com,New Report,2.2
 coq.inria.fr,New Report,2.25
 corsetiere.net,New Report,2.31
 coveringcfl.net,New Report,2.08
 cpx.sagepub.com,New Report,3.75
 crocodilian.com,New Report,2.5
 crssd.com,New Report,2.1
 curvyyoga.com,New Report,2.57
 d4donline.com,New Report,2.8
 dashbot.io,New Report,2.64
 davidgolding.com,New Report,2.33
 dcchs.org,New Report,2.33
 dcresource.com,New Report,2
 dealer.olxautos.com.co,New Report,2.5
 deepgenes.com,New Report,2.81
 demetrimusic.com,New Report,2.46
 designerspics.com,New Report,2.33
 disfrutatokio.com,New Report,2.14
 diskpart.com,New Report,2.45
 dlib.indiana.edu,New Report,3.33
 dmiinternational.org,New Report,2
 dobanevinosti.blogspot.ca,New Report,2.52
 docs.behat.org,New Report,2
 dogcastradio.com,New Report,2.71
 dogodilose.com,New Report,2
 donpedrobrooklyn.com,New Report,2.57
 dontextraditeassange.com,New Report,2.93
 dorianneto.com.br,New Report,1.5
 dou.ua,New Report,2.68
 dozsurvival.com,New Report,2.2
 drakoneditor.sourceforge.net,New Report,2.01
 drgo.us,New Report,2.79
 dtf.ru,New Report,2.27
 ducugames.com,New Report,2.27
 e.huawei.com,New Report,2.83
 earthwatch.org,New Report,2.83
 eco.int,New Report,2.22
 econt.com,New Report,2.6
 edfilmfest.org.uk,New Report,2.51
 edulibrarian.com,New Report,2.5
 ejcotopeni2022.microplustimingservices.com,New Report,2.6
 eldalamberon.com,New Report,2
 eltaxi.app,New Report,2.5
 embeddedlt.github.io,New Report,2.92
 en.eghtesadonline.com,New Report,2.24
 engineering.klarna.com,New Report,2.71
 engineersireland.ie,New Report,2.61
 ericksontribune.com,New Report,2
 ertopen.com,New Report,3.24
 estatediamondjewelry.com,New Report,2.16
 ettagroup.ru,New Report,2.62
 etudesafricaines.revues.org,New Report,2.22
 ,,
 everydaybeat.org,New Report,2
 eyehealthweb.com,New Report,2.85
 familytravel.com,New Report,2
 farm1.staticflickr.com,New Report,2
 fddb.org,New Report,2.65
 fh.huji.ac.il,New Report,2.75
 flashmob.dileque.si,New Report,2.5
 flseagrant.org,New Report,2.19
 focusmate.com,New Report,3.86
 folketidende.dk,New Report,3.21
 formahouse.co.uk,New Report,2.42
 fortadpays.com,New Report,3.5
 forwardjanesville.com,New Report,2.26
 foxsportswest.com,New Report,2.33
 freemodelfoundry.com,New Report,2.59
 freshservice.com,New Report,3.13
 frostburg.edu,New Report,2.44
 ,,
 fuldamobil.de,New Report,2.22
 funnycide.com,New Report,2.78
 gadaibpkbmobil.finance,New Report,2.76
 games.ironequal.com,New Report,2.5
 garbageplate.com,New Report,2.25
 gen.xyz,New Report,1.81
 genomeribbon.com,New Report,2.62
 getchef.com,New Report,2.61
 getdetox.me,New Report,2.63
 giftcard.cl,New Report,2.96
 ginolabo.com,New Report,1
 globerunner.org,New Report,2.5
 gloubik.info,New Report,2.5
 golistelecom.com,New Report,2.26
 golm.org.uk,New Report,2.49
 grainger.tngenealogy.net,New Report,2.14
 greatriverconference.org,New Report,2.41
 greekshadows.com,New Report,2
 greengathering.org.uk,New Report,2.32
 grenobleisere,New Report,2.67
 grimsoulgame.com,New Report,2.6
 group.canarywharf.com,New Report,2.3
 growit,New Report,2.22
 growveg.com,New Report,2.73
 gudangtekno.web.id,New Report,2.2
 hanshofmann.org,New Report,2.67
 happyfoto.de,New Report,3.08
 harbour.github.io,New Report,2.5
 haryanaassembly.gov.in,New Report,2.17
 hc.unicamp.br,New Report,2.68
 heat.csc.uvic.ca,New Report,1.8
 henan.china.com.cn,New Report,2.56
 hibernoenglish.com,New Report,3
 hightownsch.net,New Report,2.56
 hiringourheroes.org,New Report,3
 historicdetroit.org,New Report,3
 historicgames.com,New Report,2.14
 hktstarhomecall.com,New Report,2.48
 homesafety.honeywell.com,New Report,3.25
 honesttopaws.com,New Report,2.18
 hooters.com,New Report,2.79
 hungerford.uk.net,New Report,2
 huobi.com.ru,New Report,2
 idonline.com,New Report,2.77
 ia802905.us.archive.org,New Report,2
 iais.org.my,New Report,2.62
 ibme.uzh.ch,New Report,2
 icaa.cc,New Report,2.5
 ichriss.ccarh.org,New Report,2
 icpc.global,New Report,2.5
 id.rsqtechnologies.com,New Report,2
 impact.ref.ac.uk,New Report,2.2
 inasfid.org,New Report,2.92
 informath.org,New Report,2.33
 inmos.com,New Report,2.43
 insectbraindb.org,New Report,2.98
 insideathletic.com,New Report,2.92
 inspiredhealthmed.com,New Report,2.61
 intouch.org,New Report,2.7
 inuidea.com,New Report,2.67
 ipsofttg.com,New Report,3
 irishtatler.com,New Report,2.16
 isae3402.co.uk,New Report,2.83
 islands.scot,New Report,2
 israpost.com,New Report,2.85
 istanbulyelken.org.tr,New Report,2.77
 isw3.naist.jp,New Report,2.8
 itarashop.ng,New Report,2.81
 ivoilic.com,New Report,2.5
 ixpe.msfc.nasa.gov,New Report,2.17
 janestyle.net,New Report,2
 jeccomposites.com,New Report,3.67
 jenniferperryman.com,New Report,2.33
 jobs.gsk.com,New Report,2.73
 jointpublicissues.org.uk,New Report,2.27
 jp2.org,New Report,2.2
 jssj.org,New Report,2.75
 jufjannieapps.nl,New Report,2.86
 kanjikana.com,New Report,2.33
 kb.cf7skins.com,New Report,2.29
 kellsirish.com,New Report,2.33
 kellywillis.com,New Report,2.85
 kenkouwakayama.jp,New Report,2.03
 kevinschwantz.com,New Report,2
 khanbank.com,New Report,2.38
 kicad.org,New Report,2.4
 king.myapp.com,New Report,2.33
 kingstonbeta.com,New Report,2.32
 kojipkgs.fedoraproject.org,New Report,2
 kpopherald.koreaherald.com,New Report,2.44
 lahistoryarchive.org,New Report,2.47
 lametric.com,New Report,2.59
 lampa.cl,New Report,2.28
 laplacem.vtcgame.vn,New Report,2.44
 lgfcu.org,New Report,2.78
 libano.org.br,New Report,2
 lightstation.com,New Report,2.62
 live4.io,New Report,2.29
 loanscalc.org,New Report,2.93
 login.xecurify.com,New Report,2.14
 londonwaldorf.ca,New Report,2.21
 lorealcontentpro.com,New Report,2.19
 lsextrusion.eu,New Report,2.63
 lukeo.cs.illinois.edu,New Report,2.91
 lutris.com,New Report,3
 lynxartcollection.com,New Report,2
 m.valleyevents.ca,New Report,2
 macrossworld.com,New Report,2
 madan.bg,New Report,3
 maddiesfund.org,New Report,2.5
 mailboxnearme.net,New Report,2.25
 malaria.jhsph.edu,New Report,2.57
 mannersmith.com,New Report,2.75
 marom.hu,New Report,2.8
 martinmch.com,New Report,2
 masoftware.org,New Report,2.5
 massmedic.com,New Report,2.59
 mateuszcholewka.com,New Report,2
 math.nist.gov,New Report,2
 maxgazze.it,New Report,2.13
 mbqtmt.org,New Report,2.29
 mediendenk.de,New Report,2.08
 mercenarywars.net,New Report,2.4
 mhikes.com,New Report,2.36
 migracion.gob.bo,New Report,2.23
 mimsoft.com,New Report,2.44
 minnur.com,New Report,2.4
 misms.net,New Report,2.75
 mod.studio,New Report,2.78
 modeleau.fsg.ulaval.ca,New Report,2.43
 monacostatistics.mc,New Report,2.25
 moonplay.online,New Report,2.11
 mooresc,New Report,3
 motorolablog.blogspot.com,New Report,2.65
 mpeoplemusic.com,New Report,3
 mrk.mk,New Report,2
 mt.ro,New Report,2.3
 munsterland.net,New Report,2.6
 museumsaustralia.org.au,New Report,2.75
 musicfacts.ru,New Report,2
 my.siop.org,New Report,2.31
 napak.com,New Report,2
 naprice.com,New Report,2.46
 nationalsheep.org.uk,New Report,2.4
 nattou.org,New Report,2
 nesdev.com,New Report,2
 newsounds.org,New Report,2.58
 newtownline.patec.org,New Report,2.25
 newuniversity.org,New Report,2.17
 nghenhac123.com,New Report,2.93
 nic.xyz,New Report,2
 ,,
 niguelshores.org,New Report,2.82
 nistara.net,New Report,2.64
 nooriworld.net,New Report,2.34
 notdeadyet.org,New Report,2.38
 numero.com.cn,New Report,2.8
 nwabr.org,New Report,2.06
 oheuropa.com,New Report,2.49
 oostende.be,New Report,2.38
 openhome.alipay.com,New Report,2.97
 openswr.org,New Report,2.82
 ,,
 opinion22.com.ar,New Report,2.29
 ossininglibrary.org,New Report,2.84
 otes.asu.edu,New Report,2.87
 ouroboros.audio,New Report,2.86
 outofthefog.net,New Report,2.73
 ozwhitelufc.net.au,New Report,2
 pramlee.com,New Report,2
 pacsoa.org.au,New Report,2
 paoloconte.it,New Report,2.25
 pastebin.mozilla.org,New Report,3.5
 pcpmusic.com,New Report,2
 pctonline.com,New Report,2.92
 perheyritys.fi,New Report,2.92
 periodika.digitalesammlungen.de,New Report,2.95
 phxart.org,New Report,2.18
 piar.hu,New Report,2.2
 pigfarmer.gr,New Report,2.41
 ,,
 placergroup.com,New Report,3
 planetark.org,New Report,2.29
 platon.gendagigo.jp,New Report,2
 playfordspast.recollect.net.au,New Report,2.2
 plumi.org,New Report,2.49
 pnwphotoblog.com,New Report,2.66
 pokergrinderapp.com,New Report,2.16
 polyatalexei.narod.ru,New Report,2.25
 polytopia.io,New Report,2.63
 postakodu.ptt.gov.tr,New Report,2.35
 postcodebyaddress.co.uk,New Report,3.11
 premierpoms.com,New Report,1.86
 printicular.com,New Report,2.29
 publikationen.badw.de,New Report,2.33
 purpleirisfoundation.com,New Report,3
 pymairport.com,New Report,2.29
 qemu.readthedocs.io,New Report,2.71
 quizzingaustralia.org,New Report,2.14
 ,,
 rgsilva.com,New Report,2.83
 riggertalk.com,New Report,2.61
 rio.upo.es,New Report,2.83
 ripeatlas,New Report,2.75
 robosoft.com.tr,New Report,2.61
 rohanvarma.me,New Report,2.95
 rolfdisch.de,New Report,2.21
 roug.org,New Report,2
 royensoc.co.uk,New Report,2.91
 ruhabenjamin.com,New Report,2
 runasradio.com,New Report,2.5
 rutlandwater.org.uk,New Report,2.67
 sacramentoartglass.com,New Report,2.1
 salzburgburgen.at,New Report,2.88
 santamonicabay.org,New Report,2.1
 sauria.com,New Report,2
 scarrowbeckbenefice.org.uk,New Report,2.1
 scfestivalofflowers.org,New Report,2.93
 sdevapps.com,New Report,3.09
 selectedfirms.co,New Report,2.2
 selleradise.com,New Report,3.17
 shoppurecam.com,New Report,3
 silvergames.com,New Report,2.34
 sistrix.com,New Report,2.38
 smartgrid.epri.com,New Report,2.67
 snob.ru,New Report,2.36
 solita.fi,New Report,3.14
 soslc.lk,New Report,2.73
 sso2.educamos.com,New Report,2.67
 staxwp.com,New Report,2.25
 stevebeck.tv,New Report,2.57
 streetspirits.com,New Report,3
 studio.apollographql.com,New Report,2.27
 sumichem.co.in,New Report,2.71
 svn.wikiacode.com,New Report,2.26
 swandolphin.com,New Report,2.2
 swinburnearchive.indiana.edu,New Report,2.5
 swls.org,New Report,2
 thebanner.goodbarber.com,New Report,2.7
 thefifearms.com,New Report,2.68
 theirishroadtrip.com,New Report,2.11
 thelavinagency.com,New Report,2.39
 theotherartfair.com,New Report,2.38
 thewinesociety.com,New Report,2.13
 theyellowsparrow.com,New Report,2.96
 timesteps.net,New Report,3.18
 tinythread.sourceforge.net,New Report,2
 torrpenn.bzh,New Report,2.21
 townofashland.org,New Report,2.29
 transparency.it,New Report,2.8
 trfinc.org,New Report,2.67
 ,,
 turinghub.org,New Report,2.41
 typingadventure.com,New Report,2.38
 ucla.academicworks.com,New Report,2.99
 ultracold.jqi.umd.edu,New Report,2.86
 universityarchives.com,New Report,2.57
 urbanplanet.org,New Report,2.86
 usmcoc.org,New Report,2.33
 uwf.edu,New Report,2.28
 vadstenadirect.se,New Report,2.54
 vatrin.com,New Report,2.4
 ve.wordpress.org,New Report,2.46
 velocitynation.com,New Report,2.55
 verifone.com,New Report,2.77
 vernalcity.org,New Report,2.33
 ververica.com,New Report,2.2
 verzitex.com,New Report,2
 viaggiareibalcani.it,New Report,2.72
 voipsipsdk.com,New Report,3.1
 volleyspike.com,New Report,2.29
 walkmymind.com,New Report,2.55
 wallery.app,New Report,2.2
 wayward.archive.org,New Report,2
 weareconvoy.com,New Report,2.67
 webpak.net,New Report,2.45
 weinfassmoebel.com,New Report,2.62
 welcometosierraleone.org,New Report,2.83
 westconf.net,New Report,2.05
 wiki.laptop.org,New Report,3
 winnipegfreepress.com,New Report,2.86
 wordpress.dwbooster.com,New Report,2.15
 worldyannews.com,New Report,3
 wpbusinessreviews.com,New Report,3.04
 wpmultistorelocator.com,New Report,2.78
 wpswings.com,New Report,2.12
 x3m.games,New Report,2.83
 xyzspolkacywilna.pl,New Report,2.5
 ynlc.ca,New Report,2.92
 yourei.jp,New Report,2.83
 zachscott.com,New Report,2
 zbozi.cz,New Report,2.35
 zebrabook.bg,New Report,2.07
 zuluwaterways.com,New Report,2.34
